{
  "name": "angular-ui-router",
  "version": "0.4.3",
  "license": "MIT",
  "main": "./release/angular-ui-router.js",
  "dependencies": {
    "angular": "^1.0.8"
  },
  "ignore": [
    "**/.*",
    "node_modules",
    "bower_components",
    "component.json",
    "package.json",
    "lib",
    "config",
    "sample",
    "test",
    "tests",
    "ngdoc_assets",
    "Gruntfile.js",
    "files.js"
  ],
  "homepage": "https://github.com/angular-ui/ui-router",
  "_release": "0.4.3",
  "_resolution": {
    "type": "version",
    "tag": "0.4.3",
    "commit": "ef38bc78495ec7719dcd6876886cf5a27420f330"
  },
  "_source": "https://github.com/angular-ui/ui-router.git",
  "_target": "^0.4.2",
  "_originalSource": "ui-router"
}